1,Bebê,Pintar o quarto do bebê,Pra ficar mais bonito o quarto do bebe tem que ser pintado né mah?,melhoria,48.0
2,Casa,Ajeitar o telhado da casa,Pra evitar as goteiras tu tem que ajeitar aquelas telhas da casa homi,bug,24.0
3,Bebe,Comprar o bebe conforto,Tem que comprar esse negócio pra quando a gente precisar sair com o bebe no carro,melhoria,8.0
4,Casa,Compra a geladeira,Tem que ter a geladeira da cozinha mah pra poder conversar os alimentos,melhoria,4.05,Bebe,Comprar o berço,O berço do nenem é essencial,melhoria,3.0
5,Bebe,Comprar o berço,O berço do bebe é essencial,melhoria,3.0
6,TCC,Fazer o tcc,Fazer o tcc pra se formar,Melhoria,500.0
